"","r1","r2","h","effect_5","effect_10","effect_15","effect_20"
"X","CAL","CAL","0","0",NA,NA,NA
"X.1","CAL","CAL","1","0",NA,NA,NA
"X.2","CAL","CAL","2","0",NA,NA,NA
"X.3","CAL","CAL","3","0",NA,NA,NA
"X.4","CAL","CAL","4","0",NA,NA,NA
"X.5","CAL","CAL","5","0",NA,NA,NA
"X.6","CAL","CAL","6","0",NA,NA,NA
"X.7","CAL","CAL","7","15.329956954482","30.7332212482026","46.2082583083252","61.7535102587279"
"X.8","CAL","CAL","8","66.9939628562559","128.274463154641","184.799813179099","237.555352549195"
"X.9","CAL","CAL","9","155.114443108544","318.381645900725","485.472459517883","651.316018416915"
"X.10","CAL","CAL","10","190.54980854512","370.717274410286","533.347037592552","673.203000465278"
"X.11","CAL","CAL","11","189.463871997136","360.327434469552","506.506752242957","624.911547723408"
"X.12","CAL","CAL","12","189.131557767237","359.129120992647","504.023224655651","620.898781768675"
"X.13","CAL","CAL","13","189.390752213343","360.058961826204","505.946391586407","624.002496471257"
"X.14","CAL","CAL","14","189.427522478243","360.193601169257","506.227115199225","624.457629949913"
"X.15","CAL","CAL","15","190.828248207239","370.194347670508","531.013033959654","668.27077065964"
"X.16","CAL","CAL","16","180.134807681302","360.434079337198","534.209558601622","695.135343757327"
"X.17","CAL","CAL","17","121.065261486099","252.886877398226","394.048706044447","542.160972260818"
"X.18","CAL","CAL","18","74.3793334354151","142.711457420287","205.510924773294","263.359498256597"
"X.19","CAL","CAL","19","11.0688332129146","22.1823698796483","33.3400393872754","44.541263273815"
"X.20","CAL","CAL","20","1.29408059338629","2.58902827188327","3.88484219559031","5.18152152221599"
"X.21","CAL","CAL","21","0.168860509093965","0.337736403267927","0.506627680690399","0.675534339528499"
"X.22","CAL","CAL","22","0",NA,NA,NA
"X.23","CAL","CAL","23","0",NA,NA,NA
"X.24","NW","CAL","0","1.29312272081512","2.58741557192117","3.88287770664389","5.17950827427488"
"X.25","NW","CAL","1","0.0668544953975221","0.133712276489315","0.200573343163693","0.267437695309647"
"X.26","NW","CAL","2","0.0668544953975221","0.133712276489315","0.200573343163693","0.267437695309647"
"X.27","NW","CAL","3","0.0668544953975221","0.133712276489315","0.200573343163693","0.267437695309647"
"X.28","NW","CAL","4","0.0668544953975221","0.133712276489315","0.200573343163693","0.267437695309647"
"X.29","NW","CAL","5","0.0668544953975221","0.133712276489315","0.200573343163693","0.267437695309647"
"X.30","NW","CAL","6","0.133843659603693","0.267700452596887","0.401570378082625","0.535453435163811"
"X.31","NW","CAL","7","2.49053139202445","4.98520405184102","7.48401169357732","9.98694797964044"
"X.32","NW","CAL","8","34.4452709153167","69.1112283123551","103.97828014647","139.02655581839"
"X.33","NW","CAL","9","51.9307397078284","98.5252658233333","140.768481038873","179.515282301142"
"X.34","NW","CAL","10","50.811249081109","100.813904353915","148.66778049615","192.799817906295"
"X.35","NW","CAL","11","51.6754075957154","97.4419542309176","135.599185818476","165.372767560149"
"X.36","NW","CAL","12","50.4205612566411","93.8074610255854","128.758701556015","154.979093468114"
"X.37","NW","CAL","13","50.8998084212914","95.139164609303","131.201882122807","158.623906071921"
"X.38","NW","CAL","14","51.5949706541585","97.19109963322","135.106921343832","164.603174363381"
"X.39","NW","CAL","15","51.7955236672696","97.8238331035863","136.356225247192","166.56429491059"
"X.40","NW","CAL","16","52.6683765549162","102.214667049461","146.744004956791","184.69406643774"
"X.41","NW","CAL","17","48.3809286983372","96.7900186315896","144.513254988649","190.412667272928"
"X.42","NW","CAL","18","41.7664167465512","81.5262484823392","120.073319327361","158.02419169934"
"X.43","NW","CAL","19","78.8344925320573","151.391924774597","217.987936203682","278.994092398581"
"X.44","NW","CAL","20","17.0594929370832","34.2328925872548","51.5178090858535","68.9118007938605"
"X.45","NW","CAL","21","4.84493127812183","9.70418919996769","14.5777247866708","19.4654884116773"
"X.46","NW","CAL","22","2.56213732144761","5.12864530963084","7.69951710663038","10.2747457968373"
"X.47","NW","CAL","23","1.78160089636088","3.56538048704457","5.35133652065971","7.13946673169745"
"X.48","SW","CAL","0","2.9340924451895","5.87399958472091","8.8197001321897","11.7711726401922"
"X.49","SW","CAL","1","1.37290177234254","2.74718446477154","4.12284594985406","5.49988409145332"
"X.50","SW","CAL","2","1.24574782526658","2.49264024348354","3.74067566908243","4.98985251053548"
"X.51","SW","CAL","3","1.11905684138163","2.23904348444911","3.35995878267754","4.48180158562373"
"X.52","SW","CAL","4","0.992830853828373","1.98639846753394","2.98070204246035","3.97574077749996"
"X.53","SW","CAL","5","0.992830853828373","1.98639846753394","2.98070204246035","3.97574077749996"
"X.54","SW","CAL","6","2.80154891438039","5.60843554349134","8.42064139055899","11.2381478236271"
"X.55","SW","CAL","7","16.6352598600534","33.358785409866","50.1665261972298","67.0543783169658"
"X.56","SW","CAL","8","58.7071461485734","114.142800106094","166.680833415051","216.709942917649"
"X.57","SW","CAL","9","107.241712543397","227.659495838051","363.498819655089","516.133881067797"
"X.58","SW","CAL","10","226.875255848509","472.282549198344","726.970011766535","979.398366719162"
"X.59","SW","CAL","11","257.147652492734","524.272948211819","788.039433873836","1034.7787038256"
"X.60","SW","CAL","12","254.998034282055","520.832015092259","784.44066946591","1032.23288694057"
"X.61","SW","CAL","13","250.552818130087","513.567120126419","776.563248865134","1026.15649816364"
"X.62","SW","CAL","14","248.646644349505","510.395588660184","773.020745543623","1023.24309324387"
"X.63","SW","CAL","15","226.875255848509","472.282549198344","726.970011766535","979.398366719162"
"X.64","SW","CAL","16","196.606059916113","415.093632045206","650.237150897702","893.857924612653"
"X.65","SW","CAL","17","91.5500201966038","192.403690535868","304.882205963229","430.984770952771"
"X.66","SW","CAL","18","59.3687977886014","115.464618031704","168.570382111718","218.994862383559"
"X.67","SW","CAL","19","34.5623794464526","69.1259384508095","103.657604229331","138.124764120619"
"X.68","SW","CAL","20","21.3460777736309","42.7960343667344","64.3414358252851","85.9737681130917"
"X.69","SW","CAL","21","16.6352598600534","33.358785409866","50.1665261972298","67.0543783169658"
"X.70","SW","CAL","22","12.0525230731948","24.1658289717164","36.3383696797508","48.568574671879"
"X.71","SW","CAL","23","5.81421619734876","11.6481181834835","17.5015355321623","23.3742958226374"
"X.72","CAR","CAR","0","0",NA,NA,NA
"X.73","CAR","CAR","1","0",NA,NA,NA
"X.74","CAR","CAR","2","0",NA,NA,NA
"X.75","CAR","CAR","3","0",NA,NA,NA
"X.76","CAR","CAR","4","0",NA,NA,NA
"X.77","CAR","CAR","5","0",NA,NA,NA
"X.78","CAR","CAR","6","0",NA,NA,NA
"X.79","CAR","CAR","7","0",NA,NA,NA
"X.80","CAR","CAR","8","3.76067792732069","7.56752785272293","11.4202438279218","15.3185048533646"
"X.81","CAR","CAR","9","37.1554894489733","75.7019462523933","115.764956650983","157.464487728409"
"X.82","CAR","CAR","10","116.207788335861","227.143580112896","330.845038983157","425.827095792428"
"X.83","CAR","CAR","11","91.5910524353541","167.284752006783","227.957907452923","275.052406542935"
"X.84","CAR","CAR","12","60.9683455018853","106.026142558383","137.854796273929","159.257389644227"
"X.85","CAR","CAR","13","53.0913584305086","90.9908573368849","116.720003161828","133.257922230247"
"X.86","CAR","CAR","14","56.529229355503","97.5181686178968","125.847387922709","144.430079161481"
"X.87","CAR","CAR","15","77.6639674951961","138.82860500826","185.283711052375","219.210216260213"
"X.88","CAR","CAR","16","109.603549483663","206.680424472529","290.538007888332","361.205259649611"
"X.89","CAR","CAR","17","98.0657227846633","198.135722869119","298.796748856775","398.551587188729"
"X.90","CAR","CAR","18","34.5567861772031","70.290297630398","107.310389214211","145.727497250232"
"X.91","CAR","CAR","19","7.29313792014885","14.6999903571236","22.2184386578236","29.8463361426333"
"X.92","CAR","CAR","20","0.558923749260677","1.11957774416626","1.6819621155518","2.24607696856524"
"X.93","CAR","CAR","21","0",NA,NA,NA
"X.94","CAR","CAR","22","0",NA,NA,NA
"X.95","CAR","CAR","23","0",NA,NA,NA
"X.96","MIDA","CAR","0","0.183244635466079","0.366695070068087","0.550351394991405","0.734213701243897"
"X.97","MIDA","CAR","1","0.183244635466079","0.366695070068087","0.550351394991405","0.734213701243897"
"X.98","MIDA","CAR","2","0.183244635466079","0.366695070068087","0.550351394991405","0.734213701243897"
"X.99","MIDA","CAR","3","0.183244635466079","0.366695070068087","0.550351394991405","0.734213701243897"
"X.100","MIDA","CAR","4","0.183244635466079","0.366695070068087","0.550351394991405","0.734213701243897"
"X.101","MIDA","CAR","5","0.183244635466079","0.366695070068087","0.550351394991405","0.734213701243897"
"X.102","MIDA","CAR","6","0.246203658873951","0.492774310971671","0.739712169409157","0.987017446735091"
"X.103","MIDA","CAR","7","3.74923742379264","7.55035972484169","11.4034526097988","15.3085879999119"
"X.104","MIDA","CAR","8","48.9079308888858","95.6148243862657","140.108627984623","182.461124053408"
"X.105","MIDA","CAR","9","62.0167232497598","125.385391579434","189.197804568888","252.026145235623"
"X.106","MIDA","CAR","10","72.2026790959825","139.320734539501","198.817779871639","248.921926548082"
"X.107","MIDA","CAR","11","70.0819717602159","131.462872868805","182.230919372112","221.768629715531"
"X.108","MIDA","CAR","12","70.3151149319512","132.134953811822","183.489496105684","223.679439271908"
"X.109","MIDA","CAR","13","70.1499552186175","131.657446167552","182.593795211283","222.318014003152"
"X.110","MIDA","CAR","14","71.9615679508856","137.707516543652","194.809906166101","241.793429889145"
"X.111","MIDA","CAR","15","66.0133402637693","132.613437428314","198.210326484953","260.858081855151"
"X.112","MIDA","CAR","16","48.6915062130904","96.4587414415526","144.099414580468","192.252728189426"
"X.113","MIDA","CAR","17","47.8601741001518","94.1320630739794","138.676321206714","181.413047628592"
"X.114","MIDA","CAR","18","14.1880652818062","28.6932076953478","43.5074641057052","58.6221496990615"
"X.115","MIDA","CAR","19","0.598056188030476","1.19814174789044","1.80025917410942","2.40441094332779"
"X.116","MIDA","CAR","20","0.267399964158052","0.535231072896434","0.803493595880224","1.07218780199007"
"X.117","MIDA","CAR","21","0.183244635466079","0.366695070068087","0.550351394991405","0.734213701243897"
"X.118","MIDA","CAR","22","0.183244635466079","0.366695070068087","0.550351394991405","0.734213701243897"
"X.119","MIDA","CAR","23","0.183244635466079","0.366695070068087","0.550351394991405","0.734213701243897"
"X.120","TEN","CAR","0","0",NA,NA,NA
"X.121","TEN","CAR","1","0",NA,NA,NA
"X.122","TEN","CAR","2","0",NA,NA,NA
"X.123","TEN","CAR","3","0",NA,NA,NA
"X.124","TEN","CAR","4","0",NA,NA,NA
"X.125","TEN","CAR","5","0",NA,NA,NA
"X.126","TEN","CAR","6","0",NA,NA,NA
"X.127","TEN","CAR","7","0.116653615327269","0.233409138588054","0.350266590592241","0.467225992049339"
"X.128","TEN","CAR","8","12.4910394076656","25.1163318559574","37.8532363239987","50.6785342124229"
"X.129","TEN","CAR","9","15.9110235848725","29.5826018318987","41.1920612375527","50.9385079997127"
"X.130","TEN","CAR","10","7.85638753612197","13.8820416485017","18.4369768155878","21.8345568858515"
"X.131","TEN","CAR","11","5.35621588819834","9.26827767630826","12.0843658508045","14.0853456014263"
"X.132","TEN","CAR","12","5.82597369557377","10.1249124628815","13.2511613462553","15.495006509947"
"X.133","TEN","CAR","13","5.48756498082735","9.50729668868339","12.4093107322043","14.4772758157737"
"X.134","TEN","CAR","14","5.89537750453889","10.2518952647663","13.4246357105906","15.7051367536232"
"X.135","TEN","CAR","15","5.68888835096189","9.87441308033272","12.9093344020714","15.0813614942361"
"X.136","TEN","CAR","16","11.4286040189643","20.6886903570128","28.0899657867531","33.9296875000963"
"X.137","TEN","CAR","17","19.2853219211555","36.6272479538211","52.0695222539907","65.6888783895045"
"X.138","TEN","CAR","18","14.2105222863517","28.5196357985711","42.894505187971","57.3019181181081"
"X.139","TEN","CAR","19","1.59728633639399","3.20830877074127","4.83306022343491","6.47153144414365"
"X.140","TEN","CAR","20","0",NA,NA,NA
"X.141","TEN","CAR","21","0",NA,NA,NA
"X.142","TEN","CAR","22","0",NA,NA,NA
"X.143","TEN","CAR","23","0",NA,NA,NA
"X.144","CENT","CENT","0","0",NA,NA,NA
"X.145","CENT","CENT","1","0",NA,NA,NA
"X.146","CENT","CENT","2","0",NA,NA,NA
"X.147","CENT","CENT","3","0",NA,NA,NA
"X.148","CENT","CENT","4","0",NA,NA,NA
"X.149","CENT","CENT","5","0",NA,NA,NA
"X.150","CENT","CENT","6","0",NA,NA,NA
"X.151","CENT","CENT","7","0",NA,NA,NA
"X.152","CENT","CENT","8","0",NA,NA,NA
"X.153","CENT","CENT","9","0.414814766640035","0.834077488046853","1.25717055998438","1.68349259152842"
"X.154","CENT","CENT","10","1.93661904493997","4.10691045913771","6.52912601755901","9.20412687610433"
"X.155","CENT","CENT","11","2.98460191327123","6.27417128143894","9.80866173001106","13.4937119897745"
"X.156","CENT","CENT","12","3.22769274410173","6.74707260300594","10.4725491668697","14.2852474903043"
"X.157","CENT","CENT","13","3.10623193791457","6.51244681026844","10.1460678507096","13.9003886146894"
"X.158","CENT","CENT","14","3.28812263172557","6.86248579123937","10.6308586240318","14.4684153755129"
"X.159","CENT","CENT","15","3.52550978472641","7.30639817277611","11.2234905909497","15.1297041842326"
"X.160","CENT","CENT","16","3.58325707178145","7.41184341107009","11.3598730308159","15.2752287363478"
"X.161","CENT","CENT","17","2.98460191327123","6.27417128143894","9.80866173001106","13.4937119897745"
"X.162","CENT","CENT","18","1.31651293594349","2.74257902714834","4.30519592252023","6.02922739416175"
"X.163","CENT","CENT","19","0.591016746727914","1.18277687322304","1.77437056667589","2.36507665002113"
"X.164","CENT","CENT","20","0.0704330793743119","0.141663568743374","0.213688284692345","0.286503802128313"
"X.165","CENT","CENT","21","0",NA,NA,NA
"X.166","CENT","CENT","22","0",NA,NA,NA
"X.167","CENT","CENT","23","0",NA,NA,NA
"X.168","TEX","CENT","0","0",NA,NA,NA
"X.169","TEX","CENT","1","0",NA,NA,NA
"X.170","TEX","CENT","2","0",NA,NA,NA
"X.171","TEX","CENT","3","0",NA,NA,NA
"X.172","TEX","CENT","4","0",NA,NA,NA
"X.173","TEX","CENT","5","0",NA,NA,NA
"X.174","TEX","CENT","6","0",NA,NA,NA
"X.175","TEX","CENT","7","0",NA,NA,NA
"X.176","TEX","CENT","8","1.82533718741068","3.66188778943578","5.50954565375888","7.36820202342869"
"X.177","TEX","CENT","9","10.8980900317943","20.5319525868813","29.0128217437929","36.4557761330509"
"X.178","TEX","CENT","10","3.00224933448629","5.80914462819902","8.43472776761742","10.8683889900122"
"X.179","TEX","CENT","11","2.81184540541185","5.34907494475155","7.57067036499628","9.44349811668383"
"X.180","TEX","CENT","12","2.6585294253671","4.96796764704997","6.8912711287821","8.41600285764989"
"X.181","TEX","CENT","13","2.50618764568945","4.61004427749036","6.28906209291824","7.55456870854325"
"X.182","TEX","CENT","14","2.52346803658445","4.64982116442131","6.35464409788055","7.64658568464911"
"X.183","TEX","CENT","15","2.50545923696836","4.60837173754021","6.28631114925328","7.55071768011435"
"X.184","TEX","CENT","16","2.62987402437046","4.89929033823863","6.7734516505382","8.24436078630808"
"X.185","TEX","CENT","17","2.91989040811203","5.62944297879771","8.10604956388524","10.3160196221751"
"X.186","TEX","CENT","18","3.44596225617947","6.53072087170918","9.35653217117456","11.9904733268625"
"X.187","TEX","CENT","19","12.7760916256065","24.4080450566919","34.9444059705486","44.4451018168781"
"X.188","TEX","CENT","20","3.34953890979598","6.72616158127816","10.1291715178647","13.5578540576694"
"X.189","TEX","CENT","21","0.00613826173944648","0.0122767174983077","0.0184153672737108","0.0245542110628619"
"X.190","TEX","CENT","22","0",NA,NA,NA
"X.191","TEX","CENT","23","0",NA,NA,NA
"X.192","FlA","FlA","0","0",NA,NA,NA
"X.193","FlA","FlA","1","0",NA,NA,NA
"X.194","FlA","FlA","2","0",NA,NA,NA
"X.195","FlA","FlA","3","0",NA,NA,NA
"X.196","FlA","FlA","4","0",NA,NA,NA
"X.197","FlA","FlA","5","0",NA,NA,NA
"X.198","FlA","FlA","6","0",NA,NA,NA
"X.199","FlA","FlA","7","0",NA,NA,NA
"X.200","FlA","FlA","8","4.70410960257684","9.46950814046144","14.2959984932467","19.1833560767892"
"X.201","FlA","FlA","9","37.4915089136354","72.4872108423224","105.075865834189","135.401426716245"
"X.202","FlA","FlA","10","51.01952893692","106.460619119624","166.04086868315","228.877122590352"
"X.203","FlA","FlA","11","80.646090641146","156.314265487624","223.217727447268","278.754076594227"
"X.204","FlA","FlA","12","74.4596019124223","135.624780235921","182.094018556303","214.660212735586"
"X.205","FlA","FlA","13","74.0118402369895","134.521784282745","180.249432913372","212.108403734317"
"X.206","FlA","FlA","14","75.3953721625773","137.971104017675","186.065904937613","220.205397987979"
"X.207","FlA","FlA","15","80.5580918762102","153.644216395295","215.7960599816","265.171159197671"
"X.208","FlA","FlA","16","72.0436035382518","146.267112860342","219.758152453923","289.322206205402"
"X.209","FlA","FlA","17","38.6083556357693","79.7964255181274","124.178440192656","172.079151896507"
"X.210","FlA","FlA","18","36.7460034966542","70.8536419470664","102.487539316441","131.865901853378"
"X.211","FlA","FlA","19","21.934825819778","44.1245626738782","66.5274217111237","89.1006756644134"
"X.212","FlA","FlA","20","2.12024169330758","4.25706122424342","6.41046863118331","8.58047219809776"
"X.213","FlA","FlA","21","0.0177089272991073","0.0354194229691905","0.0531314870526793","0.0708451195916715"
"X.214","FlA","FlA","22","0",NA,NA,NA
"X.215","FlA","FlA","23","0",NA,NA,NA
"X.216","SE","FlA","0","0",NA,NA,NA
"X.217","SE","FlA","1","0",NA,NA,NA
"X.218","SE","FlA","2","0",NA,NA,NA
"X.219","SE","FlA","3","0",NA,NA,NA
"X.220","SE","FlA","4","0",NA,NA,NA
"X.221","SE","FlA","5","0",NA,NA,NA
"X.222","SE","FlA","6","0",NA,NA,NA
"X.223","SE","FlA","7","0.476292130182942","0.956109274463637","1.43945420376737","1.92632942113539"
"X.224","SE","FlA","8","14.1229503094133","28.5774869184991","43.408842559069","58.6705576358504"
"X.225","SE","FlA","9","62.6637108877813","125.507719506775","186.847753808344","245.030547978183"
"X.226","SE","FlA","10","60.037675120929","110.148403095281","149.882875189259","179.742195607472"
"X.227","SE","FlA","11","49.6724166039128","87.6787606331506","115.009857039024","133.424536610223"
"X.228","SE","FlA","12","48.5015750218872","85.2669093773131","111.429515340998","128.851699715252"
"X.229","SE","FlA","13","49.9621886614629","88.2788182157577","115.904773551535","134.572192229229"
"X.230","SE","FlA","14","53.3991636609253","95.4997089925371","126.811557823771","148.716245378657"
"X.231","SE","FlA","15","64.5635083079216","121.125695535717","168.484078630349","206.304928173875"
"X.232","SE","FlA","16","61.7204166674271","123.983365394536","185.175520520583","243.674452406412"
"X.233","SE","FlA","17","24.5755896344419","50.6724693077395","78.4508232527619","108.039496446342"
"X.234","SE","FlA","18","6.82883360344462","13.7720177359709","20.8229149961577","27.9754925059404"
"X.235","SE","FlA","19","0.576286674668232","1.15747809968966","1.74357712223852","2.33458606850264"
"X.236","SE","FlA","20","0.00556204456982229","0.0111247289030704","0.0166880530206687","0.0222520169436531"
"X.237","SE","FlA","21","0",NA,NA,NA
"X.238","SE","FlA","22","0",NA,NA,NA
"X.239","SE","FlA","23","0",NA,NA,NA
"X.240","MIDA","MIDA","0","0.148480157846557","0.297095984746536","0.445847475339773","0.5947346240705"
"X.241","MIDA","MIDA","1","0.148480157846557","0.297095984746536","0.445847475339773","0.5947346240705"
"X.242","MIDA","MIDA","2","0.148480157846557","0.297095984746536","0.445847475339773","0.5947346240705"
"X.243","MIDA","MIDA","3","0.148480157846557","0.297095984746536","0.445847475339773","0.5947346240705"
"X.244","MIDA","MIDA","4","0.148480157846557","0.297095984746536","0.445847475339773","0.5947346240705"
"X.245","MIDA","MIDA","5","0.148480157846557","0.297095984746536","0.445847475339773","0.5947346240705"
"X.246","MIDA","MIDA","6","0.199209488543461","0.398660092511619","0.598351795890007","0.798284582049094"
"X.247","MIDA","MIDA","7","2.84719776669534","5.72358129767926","8.62894759089303","11.5630869591675"
"X.248","MIDA","MIDA","8","81.9380308298595","173.190839874538","274.441953630134","386.190825465308"
"X.249","MIDA","MIDA","9","327.557474380622","644.805686637124","943.565855816719","1216.89531261826"
"X.250","MIDA","MIDA","10","302.788178545233","560.704203689884","770.78781692089","933.998340349472"
"X.251","MIDA","MIDA","11","267.435648437093","481.805757166008","644.799298621129","762.020966798102"
"X.252","MIDA","MIDA","12","269.798554202086","486.888715357967","652.663203347629","772.459884202652"
"X.253","MIDA","MIDA","13","268.11384311","483.262447451737","647.049972726866","765.005106097421"
"X.254","MIDA","MIDA","14","292.991877525968","538.113373330514","733.73994682047","882.271630399742"
"X.255","MIDA","MIDA","15","332.613665387942","645.806131165472","931.588348596989","1183.94540594615"
"X.256","MIDA","MIDA","16","228.772316477662","472.851291034127","728.588721565096","991.742019086753"
"X.257","MIDA","MIDA","17","60.4520437018423","127.190118829441","200.898473011564","282.200116892037"
"X.258","MIDA","MIDA","18","9.63053036830316","19.4060038400311","29.3236565831359","39.3812955002191"
"X.259","MIDA","MIDA","19","0.480182133492009","0.961673302769326","1.44447308175196","1.92858102638547"
"X.260","MIDA","MIDA","20","0.216256499645961","0.432795941658304","0.649618304275414","0.866723564889292"
"X.261","MIDA","MIDA","21","0.148480157846557","0.297095984746536","0.445847475339773","0.5947346240705"
"X.262","MIDA","MIDA","22","0.148480157846557","0.297095984746536","0.445847475339773","0.5947346240705"
"X.263","MIDA","MIDA","23","0.148480157846557","0.297095984746536","0.445847475339773","0.5947346240705"
"X.264","CAR","MIDA","0","0",NA,NA,NA
"X.265","CAR","MIDA","1","0",NA,NA,NA
"X.266","CAR","MIDA","2","0",NA,NA,NA
"X.267","CAR","MIDA","3","0",NA,NA,NA
"X.268","CAR","MIDA","4","0",NA,NA,NA
"X.269","CAR","MIDA","5","0",NA,NA,NA
"X.270","CAR","MIDA","6","0",NA,NA,NA
"X.271","CAR","MIDA","7","0",NA,NA,NA
"X.272","CAR","MIDA","8","10.8078736609155","21.6954344425781","32.6599225481456","43.698516863538"
"X.273","CAR","MIDA","9","36.794820060298","70.5766761117587","101.498776247807","129.756738678736"
"X.274","CAR","MIDA","10","52.8556588204627","113.800981211938","182.865845483853","259.284491265616"
"X.275","CAR","MIDA","11","108.126027381321","216.39600468056","319.404027735703","412.449733396536"
"X.276","CAR","MIDA","12","110.868255797708","206.960822668774","284.959856908492","344.239950816882"
"X.277","CAR","MIDA","13","105.913066379734","193.857156810939","261.985973386661","311.217229356497"
"X.278","CAR","MIDA","14","108.357601685713","200.073393100378","272.621599239641","326.240843988096"
"X.279","CAR","MIDA","15","113.815278634854","220.842066702744","315.825383873158","395.347533573091"
"X.280","CAR","MIDA","16","86.1450517657656","179.966366389689","278.225738979127","376.986662080156"
"X.281","CAR","MIDA","17","29.2364175984561","60.8339049720374","95.9987658150669","135.736242185956"
"X.282","CAR","MIDA","18","37.8112420984877","72.7690194902382","104.969781635651","134.550798847328"
"X.283","CAR","MIDA","19","19.4559559668688","39.0126987214782","58.65443035557","78.3652001936288"
"X.284","CAR","MIDA","20","1.72421577153516","3.45253836779601","5.18495831327993","6.92146602306424"
"X.285","CAR","MIDA","21","0",NA,NA,NA
"X.286","CAR","MIDA","22","0",NA,NA,NA
"X.287","CAR","MIDA","23","0",NA,NA,NA
"X.288","TEN","MIDA","0","0",NA,NA,NA
"X.289","TEN","MIDA","1","0",NA,NA,NA
"X.290","TEN","MIDA","2","0",NA,NA,NA
"X.291","TEN","MIDA","3","0",NA,NA,NA
"X.292","TEN","MIDA","4","0",NA,NA,NA
"X.293","TEN","MIDA","5","0",NA,NA,NA
"X.294","TEN","MIDA","6","0",NA,NA,NA
"X.295","TEN","MIDA","7","0.0416326158716621","0.083331818346987","0.125097704274893","0.166930370616852"
"X.296","TEN","MIDA","8","12.1653898792474","25.155219954278","39.001913503991","53.7366702479727"
"X.297","TEN","MIDA","9","109.849470237048","217.993326809552","322.83007147193","422.905663250937"
"X.298","TEN","MIDA","10","106.625879039247","200.685534049368","281.660254219217","349.69304485405"
"X.299","TEN","MIDA","11","91.806332015128","168.31876127209","230.29068762133","279.076506635822"
"X.300","TEN","MIDA","12","95.3341706791214","175.782291620466","241.817133721541","294.546051835445"
"X.301","TEN","MIDA","13","92.832796413338","170.478846648224","233.61117953541","283.514540558755"
"X.302","TEN","MIDA","14","95.822597270025","176.824840332421","243.439658363026","296.738457235268"
"X.303","TEN","MIDA","15","94.3451919036443","173.678471763705","238.552539374265","290.146210405339"
"X.304","TEN","MIDA","16","114.894744040224","222.15210043929","320.299333438526","408.334922266368"
"X.305","TEN","MIDA","17","94.1939072594218","190.307906762906","287.221488627269","383.783385314095"
"X.306","TEN","MIDA","18","15.7223509894531","32.5588441551264","50.5493824809231","69.7308716268005"
"X.307","TEN","MIDA","19","0.671448515714408","1.35489585924936","2.05052921207517","2.7585378218113"
"X.308","TEN","MIDA","20","0",NA,NA,NA
"X.309","TEN","MIDA","21","0",NA,NA,NA
"X.310","TEN","MIDA","22","0",NA,NA,NA
"X.311","TEN","MIDA","23","0",NA,NA,NA
"X.312","MIDW","MIDW","0","0.205622380498439","0.411275659666249","0.616959833281054","0.82267489711726"
"X.313","MIDW","MIDW","1","0.205622380498439","0.411275659666249","0.616959833281054","0.82267489711726"
"X.314","MIDW","MIDW","2","0.205622380498439","0.411275659666249","0.616959833281054","0.82267489711726"
"X.315","MIDW","MIDW","3","0.205622380498439","0.411275659666249","0.616959833281054","0.82267489711726"
"X.316","MIDW","MIDW","4","0.205622380498439","0.411275659666249","0.616959833281054","0.82267489711726"
"X.317","MIDW","MIDW","5","0",NA,NA,NA
"X.318","MIDW","MIDW","6","0",NA,NA,NA
"X.319","MIDW","MIDW","7","0.205622380498439","0.411275659666249","0.616959833281054","0.82267489711726"
"X.320","MIDW","MIDW","8","1.8956787326166","3.79379911595973","5.69435766615332","7.59735087818306"
"X.321","MIDW","MIDW","9","67.0529162120869","132.487854117845","196.153645672977","257.914988666592"
"X.322","MIDW","MIDW","10","27.4746089078548","58.0088113467677","93.1105844862765","133.965260913703"
"X.323","MIDW","MIDW","11","108.180770602188","219.311997498258","327.433018035784","426.986554171676"
"X.324","MIDW","MIDW","12","118.162812381077","224.174777947088","313.022859993538","382.576374589244"
"X.325","MIDW","MIDW","13","112.990723832623","208.115690176064","282.508219918664","336.553888957574"
"X.326","MIDW","MIDW","14","110.450690393722","201.586271440422","271.320777001597","320.805704870083"
"X.327","MIDW","MIDW","15","111.931239880021","205.343720364051","277.706809634487","329.74316964176"
"X.328","MIDW","MIDW","16","117.075751311017","220.043534385429","304.489095345604","369.065305711934"
"X.329","MIDW","MIDW","17","111.509970839437","224.033980024411","331.353081016484","428.036332648983"
"X.330","MIDW","MIDW","18","54.3643163502449","118.396237619091","191.93121026763","273.802098765311"
"X.331","MIDW","MIDW","19","35.1336800278813","64.8946960762927","90.4771947221163","113.015128030352"
"X.332","MIDW","MIDW","20","60.0835687226043","119.426538412812","177.91039804406","235.422649729112"
"X.333","MIDW","MIDW","21","2.99176296371044","5.98933258520488","8.9926948037086","12.0018354356327"
"X.334","MIDW","MIDW","22","0.205622380498439","0.411275659666249","0.616959833281054","0.82267489711726"
"X.335","MIDW","MIDW","23","0.205622380498439","0.411275659666249","0.616959833281054","0.82267489711726"
"X.336","CENT","MIDW","0","0",NA,NA,NA
"X.337","CENT","MIDW","1","0",NA,NA,NA
"X.338","CENT","MIDW","2","0",NA,NA,NA
"X.339","CENT","MIDW","3","0",NA,NA,NA
"X.340","CENT","MIDW","4","0",NA,NA,NA
"X.341","CENT","MIDW","5","0",NA,NA,NA
"X.342","CENT","MIDW","6","0",NA,NA,NA
"X.343","CENT","MIDW","7","0",NA,NA,NA
"X.344","CENT","MIDW","8","0",NA,NA,NA
"X.345","CENT","MIDW","9","0.0431572420979973","0.0920892608438055","0.148346207124885","0.213850486062665"
"X.346","CENT","MIDW","10","62.0159298848026","142.273714254679","242.691005778157","364.158838737871"
"X.347","CENT","MIDW","11","133.324081759912","293.38143185087","477.330375710853","679.71193648083"
"X.348","CENT","MIDW","12","151.116475316725","329.08698154049","529.289513302655","744.406176330457"
"X.349","CENT","MIDW","13","142.162125150023","311.225311461724","503.484510961471","712.556396254856"
"X.350","CENT","MIDW","14","155.62203300648","337.988600364912","542.001975504795","759.877807324671"
"X.351","CENT","MIDW","15","173.679654267298","373.048589099929","591.023445637279","818.006618827397"
"X.352","CENT","MIDW","16","178.168009549399","381.599225667176","602.701091624663","831.446404430339"
"X.353","CENT","MIDW","17","133.324081759912","293.38143185087","477.330375710853","679.71193648083"
"X.354","CENT","MIDW","18","24.5641319381191","57.8050726752104","101.635383140762","157.94585708379"
"X.355","CENT","MIDW","19","0.194664662924592","0.447066696147835","0.775205466836503","1.20182912977789"
"X.356","CENT","MIDW","20","0.00525267175216778","0.0105455690347159","0.0158782978712481","0.0212504858926159"
"X.357","CENT","MIDW","21","0",NA,NA,NA
"X.358","CENT","MIDW","22","0",NA,NA,NA
"X.359","CENT","MIDW","23","0",NA,NA,NA
"X.360","MIDA","MIDW","0","3.49503222479904","6.99274415717655","10.4931343336622","13.9962012847242"
"X.361","MIDA","MIDW","1","3.49503222479904","6.99274415717655","10.4931343336622","13.9962012847242"
"X.362","MIDA","MIDW","2","3.49503222479904","6.99274415717655","10.4931343336622","13.9962012847242"
"X.363","MIDA","MIDW","3","3.49503222479904","6.99274415717655","10.4931343336622","13.9962012847242"
"X.364","MIDA","MIDW","4","3.49503222479904","6.99274415717655","10.4931343336622","13.9962012847242"
"X.365","MIDA","MIDW","5","3.49503222479904","6.99274415717655","10.4931343336622","13.9962012847242"
"X.366","MIDA","MIDW","6","4.684418865376","9.37358321643047","14.0674894813415","18.766134069168"
"X.367","MIDA","MIDW","7","63.7871123234218","128.034877455684","192.732269832038","257.86803035249"
"X.368","MIDA","MIDW","8","276.233354231404","533.206213367678","773.176387224214","998.364236148481"
"X.369","MIDA","MIDW","9","333.750858240217","679.34572384783","1032.73283616293","1386.50656579824"
"X.370","MIDA","MIDW","10","409.998312407886","798.925586677749","1150.62920822923","1452.50510295788"
"X.371","MIDA","MIDW","11","406.769964982831","770.555692323166","1077.47754753442","1320.96528413709"
"X.372","MIDA","MIDW","12","407.599830739766","773.512044981217","1083.58368224238","1330.78388285634"
"X.373","MIDA","MIDW","13","407.015381137529","771.416444609956","1079.24372820522","1323.79428883664"
"X.374","MIDA","MIDW","14","411.421764266601","795.111209645028","1135.08119281166","1420.15196850672"
"X.375","MIDA","MIDW","15","359.476589569942","727.934995588467","1097.180109224","1456.23112748115"
"X.376","MIDA","MIDW","16","254.581844872565","505.098430289323","756.058881163385","1011.19338700979"
"X.377","MIDA","MIDW","17","289.406270486369","559.368560365656","811.540058672083","1047.6116394312"
"X.378","MIDA","MIDW","18","188.799516267906","377.670487234126","566.368879992022","754.655651026997"
"X.379","MIDA","MIDW","19","11.2298308217118","22.4849144311425","33.7651985323424","45.0706302704632"
"X.380","MIDA","MIDW","20","5.08356718009416","10.1726963639806","15.2673829668616","20.3676223776295"
"X.381","MIDA","MIDW","21","3.49503222479904","6.99274415717655","10.4931343336622","13.9962012847242"
"X.382","MIDA","MIDW","22","3.49503222479904","6.99274415717655","10.4931343336622","13.9962012847242"
"X.383","MIDA","MIDW","23","3.49503222479904","6.99274415717655","10.4931343336622","13.9962012847242"
"X.384","SE","MIDW","0","0",NA,NA,NA
"X.385","SE","MIDW","1","0",NA,NA,NA
"X.386","SE","MIDW","2","0",NA,NA,NA
"X.387","SE","MIDW","3","0",NA,NA,NA
"X.388","SE","MIDW","4","0",NA,NA,NA
"X.389","SE","MIDW","5","0",NA,NA,NA
"X.390","SE","MIDW","6","0",NA,NA,NA
"X.391","SE","MIDW","7","7.60248014453931","15.2429889342556","22.9213070364035","30.6372112599466"
"X.392","SE","MIDW","8","128.80476263218","256.33831720552","382.315378757515","506.39278609411"
"X.393","SE","MIDW","9","161.713104159211","336.720645657139","528.158424010378","735.646254123129"
"X.394","SE","MIDW","10","277.451165515556","548.443170591511","795.687936310874","1005.60190082105"
"X.395","SE","MIDW","11","282.008141178377","530.772127569139","732.804262188806","883.582065604618"
"X.396","SE","MIDW","12","280.55670015706","525.299531371302","721.606063656313","866.125228135308"
"X.397","SE","MIDW","13","282.316952719296","532.040726588329","735.479525705639","887.822193186513"
"X.398","SE","MIDW","14","284.335079478448","544.239168293216","763.94726660542","935.30267785237"
"X.399","SE","MIDW","15","258.599430340248","524.770632884245","783.550428177034","1019.78095017563"
"X.400","SE","MIDW","16","157.706227006556","327.302458456028","512.532157015379","713.907314740998"
"X.401","SE","MIDW","17","150.924558675897","294.243104710536","429.45081474614","556.45098576611"
"X.402","SE","MIDW","18","77.808420582048","155.623321348731","233.390283776283","311.064771929253"
"X.403","SE","MIDW","19","9.11863368147066","18.2888806789769","27.5103586765424","36.7826783176291"
"X.404","SE","MIDW","20","0.0930556300194747","0.186119072432499","0.279190326909632","0.372269393121854"
"X.405","SE","MIDW","21","0",NA,NA,NA
"X.406","SE","MIDW","22","0",NA,NA,NA
"X.407","SE","MIDW","23","0",NA,NA,NA
"X.408","NE","NE","0","0",NA,NA,NA
"X.409","NE","NE","1","0",NA,NA,NA
"X.410","NE","NE","2","0",NA,NA,NA
"X.411","NE","NE","3","0",NA,NA,NA
"X.412","NE","NE","4","0",NA,NA,NA
"X.413","NE","NE","5","0",NA,NA,NA
"X.414","NE","NE","6","0",NA,NA,NA
"X.415","NE","NE","7","0.0010709348507613","0.00214450868734518","0.00322071266383099","0.00429953784133384"
"X.416","NE","NE","8","0.0136330801602066","0.0272362764250431","0.0407910920678458","0.0542793814828948"
"X.417","NE","NE","9","0.0137376331905059","0.0260728511225677","0.0372264537203682","0.0473913787179136"
"X.418","NE","NE","10","0.00834358343945032","0.0159487053187069","0.0228296801820476","0.0289756005980877"
"X.419","NE","NE","11","0.00465047852311264","0.00803132400316261","0.010317955841051","0.0117482470925885"
"X.420","NE","NE","12","0.00263924556535335","0.00423367357028867","0.00510716404046237","0.00553937986060181"
"X.421","NE","NE","13","0.0022118799961801","0.00348083996249665","0.00413711977033434","0.00444198295298095"
"X.422","NE","NE","14","0.003794554123732","0.00636488604686474","0.00796722892860529","0.00888188644709456"
"X.423","NE","NE","15","0.00611123041547433","0.0110486179834542","0.0148378994460086","0.0175794406636859"
"X.424","NE","NE","16","0.00822426631105139","0.0156938758941029","0.0224137689206146","0.0283651002532472"
"X.425","NE","NE","17","0.0118887483485176","0.0226609421027502","0.0325198134661904","0.0416243746314166"
"X.426","NE","NE","18","0.0186854611030173","0.0369430874031953","0.0547350770483037","0.0720282833552382"
"X.427","NE","NE","19","0.00519875675235393","0.0104306914386283","0.0156946876970664","0.0209896081658547"
"X.428","NE","NE","20","0.0010709348507613","0.00214450868734518","0.00322071266383099","0.00429953784133384"
"X.429","NE","NE","21","0.000257328889585325","0.000514830649020719","0.000772505163870745","0.00103035231932735"
"X.430","NE","NE","22","0",NA,NA,NA
"X.431","NE","NE","23","0",NA,NA,NA
"X.432","NW","NW","0","1.70328922366165","3.40812993350698","5.1145210135117","6.82246134220482"
"X.433","NW","NW","1","0.0880496935805602","0.176103743274835","0.264162148936459","0.35222491041889"
"X.434","NW","NW","2","0.0880496935805602","0.176103743274835","0.264162148936459","0.35222491041889"
"X.435","NW","NW","3","0.0880496935805602","0.176103743274835","0.264162148936459","0.35222491041889"
"X.436","NW","NW","4","0.0880496935805602","0.176103743274835","0.264162148936459","0.35222491041889"
"X.437","NW","NW","5","0.0880496935805602","0.176103743274835","0.264162148936459","0.35222491041889"
"X.438","NW","NW","6","0.176277929118175","0.352573270348393","0.528886022511749","0.705216184427848"
"X.439","NW","NW","7","3.28085886763341","6.56720906395769","9.85904228613348","13.1563501613975"
"X.440","NW","NW","8","45.4179346169512","91.1243983047313","137.092875953578","183.296450866778"
"X.441","NW","NW","9","71.2742172737683","138.304756607207","202.405911094079","264.523930166233"
"X.442","NW","NW","10","57.5079675649365","103.455536711269","138.754894587772","164.865369939874"
"X.443","NW","NW","11","33.6728492235666","57.0520299691812","72.5674430291976","82.4189253327033"
"X.444","NW","NW","12","29.5598227498808","49.5152251179788","62.3748534374079","70.2890804540257"
"X.445","NW","NW","13","30.9177194139661","51.98944020454","65.7047287923741","74.2358342144882"
"X.446","NW","NW","14","33.3404395260122","56.4381962476426","71.7318211146771","81.4190161860297"
"X.447","NW","NW","15","34.1980456662569","58.0235657016258","73.8919993375722","84.0058883346345"
"X.448","NW","NW","16","44.8330451383233","78.1574107168291","101.899800961457","118.139163761829"
"X.449","NW","NW","17","65.5751768968624","120.578690515383","165.066123175006","199.787356646188"
"X.450","NW","NW","18","75.1441106066073","148.094196277747","218.070864012774","284.093431073476"
"X.451","NW","NW","19","99.7009836937259","191.13888384398","274.882182632188","351.586769198898"
"X.452","NW","NW","20","22.4919851176607","45.1348193514558","67.9253005903566","90.8601553499531"
"X.453","NW","NW","21","6.38361338149605","12.7862252443102","19.2077706758389","25.6481838852595"
"X.454","NW","NW","22","3.3752087260397","6.7562129842206","10.1430037150612","13.5355717810779"
"X.455","NW","NW","23","2.34681353285753","4.69651590660311","7.04910415098242","9.404575276671"
"X.456","CAL","NW","0","0",NA,NA,NA
"X.457","CAL","NW","1","0",NA,NA,NA
"X.458","CAL","NW","2","0",NA,NA,NA
"X.459","CAL","NW","3","0",NA,NA,NA
"X.460","CAL","NW","4","0",NA,NA,NA
"X.461","CAL","NW","5","0",NA,NA,NA
"X.462","CAL","NW","6","0",NA,NA,NA
"X.463","CAL","NW","7","27.2189808891849","54.6178414286817","82.1948948990912","109.948414793765"
"X.464","CAL","NW","8","263.628165593926","518.709761259601","765.225496375243","1003.12745721873"
"X.465","CAL","NW","9","178.325591435241","331.049464768456","461.507628211365","572.604892155188"
"X.466","CAL","NW","10","124.794558486699","227.564412732579","310.95800143749","377.125633401971"
"X.467","CAL","NW","11","109.362254030946","197.408572885951","266.609995480888","319.254185623549"
"X.468","CAL","NW","12","108.368612780229","195.460236701039","263.744188410373","315.527828893898"
"X.469","CAL","NW","13","109.13489687629","196.962819178631","265.954290535276","318.401369133752"
"X.470","CAL","NW","14","109.24855759032","197.185664781037","266.282093867947","318.827697806096"
"X.471","CAL","NW","15","122.709074800343","223.502972034645","304.992683524155","369.328811570976"
"X.472","CAL","NW","16","148.300328913127","273.056641426363","377.414717530611","463.804996474146"
"X.473","CAL","NW","17","213.111589593016","399.775223097519","562.423959947842","703.683661143454"
"X.474","CAL","NW","18","250.682175358647","494.789127463419","732.269395797344","963.103559730075"
"X.475","CAL","NW","19","19.4707805953342","39.0452337411576","58.7227643317645","78.5027643557055"
"X.476","CAL","NW","20","2.22802933663367","4.45787119773136","6.68952488585696","8.92298969991278"
"X.477","CAL","NW","21","0.289993827416166","0.580019482925543","0.87007696507907","1.16016627242639"
"X.478","CAL","NW","22","0",NA,NA,NA
"X.479","CAL","NW","23","0",NA,NA,NA
"X.480","CENT","NW","0","0",NA,NA,NA
"X.481","CENT","NW","1","0",NA,NA,NA
"X.482","CENT","NW","2","0",NA,NA,NA
"X.483","CENT","NW","3","0",NA,NA,NA
"X.484","CENT","NW","4","0",NA,NA,NA
"X.485","CENT","NW","5","0",NA,NA,NA
"X.486","CENT","NW","6","0",NA,NA,NA
"X.487","CENT","NW","7","0",NA,NA,NA
"X.488","CENT","NW","8","0",NA,NA,NA
"X.489","CENT","NW","9","12.4618214243742","24.5283436813445","36.1719669306702","47.3693398649716"
"X.490","CENT","NW","10","33.6250447159985","76.655075665119","130.204550130573","194.810209451985"
"X.491","CENT","NW","11","70.9394362489865","155.964237168088","253.606143046387","360.992111428571"
"X.492","CENT","NW","12","80.3259050792176","174.820849831035","281.064502990651","395.193058430196"
"X.493","CENT","NW","13","75.6002426255992","165.385227386803","267.424682003927","378.35274839044"
"X.494","CENT","NW","14","82.7048622745429","179.524914942545","287.785786843972","403.375236516216"
"X.495","CENT","NW","15","92.2456458467491","198.061356374962","313.713553999567","434.124742094078"
"X.496","CENT","NW","16","94.6183858445527","202.583968892516","319.891783515","441.235734107322"
"X.497","CENT","NW","17","70.9394362489865","155.964237168088","253.606143046387","360.992111428571"
"X.498","CENT","NW","18","14.9311767620156","33.8802156577579","58.0269026545452","88.4992934899628"
"X.499","CENT","NW","19","12.3388757439206","23.760364767515","34.2806050000688","43.9295352089631"
"X.500","CENT","NW","20","3.35103567615159","6.72237075731736","10.1133237918894","13.5232003669582"
"X.501","CENT","NW","21","0",NA,NA,NA
"X.502","CENT","NW","22","0",NA,NA,NA
"X.503","CENT","NW","23","0",NA,NA,NA
"X.504","SE","SE","0","0",NA,NA,NA
"X.505","SE","SE","1","0",NA,NA,NA
"X.506","SE","SE","2","0",NA,NA,NA
"X.507","SE","SE","3","0",NA,NA,NA
"X.508","SE","SE","4","0",NA,NA,NA
"X.509","SE","SE","5","0",NA,NA,NA
"X.510","SE","SE","6","0",NA,NA,NA
"X.511","SE","SE","7","5.75222011108135","11.5322189463943","17.3398018409562","23.1747708014254"
"X.512","SE","SE","8","86.0930915807444","171.949614127749","257.715091631536","343.480596780796"
"X.513","SE","SE","9","96.3870872741283","177.196193098914","243.807219545569","297.988910358759"
"X.514","SE","SE","10","44.3368751916068","77.5976895508787","102.163735349202","119.88459166962"
"X.515","SE","SE","11","32.0877731641791","55.1370398254515","71.184839352703","81.8807963572634"
"X.516","SE","SE","12","31.0276193253863","53.1972715332221","68.5203964912698","78.6369317115329"
"X.517","SE","SE","13","32.3566779376992","55.6291906345865","71.8613004704643","82.705278334573"
"X.518","SE","SE","14","35.7810754462567","61.9003212044431","80.4936242718056","93.2541721777245"
"X.519","SE","SE","15","53.731168556925","94.9259196001725","126.164760133417","149.508443413933"
"X.520","SE","SE","16","98.9146374230169","182.362655408907","251.550176928979","308.12273157044"
"X.521","SE","SE","17","116.18592913483","231.019072183614","343.693345362012","453.317989852733"
"X.522","SE","SE","18","54.9760186107052","109.59831002019","163.827653846632","217.637282500588"
"X.523","SE","SE","19","6.89493511422552","13.8273896812798","20.7970249269009","27.8034959645258"
"X.524","SE","SE","20","0.0706081124159301","0.141222043771556","0.211841793765375","0.282467362096267"
"X.525","SE","SE","21","0",NA,NA,NA
"X.526","SE","SE","22","0",NA,NA,NA
"X.527","SE","SE","23","0",NA,NA,NA
"X.528","MIDW","SE","0","0.0688687536674057","0.137748657007468","0.206639709012385","0.275541908673323"
"X.529","MIDW","SE","1","0.0688687536674057","0.137748657007468","0.206639709012385","0.275541908673323"
"X.530","MIDW","SE","2","0.0688687536674057","0.137748657007468","0.206639709012385","0.275541908673323"
"X.531","MIDW","SE","3","0.0688687536674057","0.137748657007468","0.206639709012385","0.275541908673323"
"X.532","MIDW","SE","4","0.0688687536674057","0.137748657007468","0.206639709012385","0.275541908673323"
"X.533","MIDW","SE","5","0",NA,NA,NA
"X.534","MIDW","SE","6","0",NA,NA,NA
"X.535","MIDW","SE","7","0.0688687536674057","0.137748657007468","0.206639709012385","0.275541908673323"
"X.536","MIDW","SE","8","0.636147794721937","1.27318383776987","1.91110726649362","2.54991721156076"
"X.537","MIDW","SE","9","25.4459407572562","50.5626006106333","75.3012679790131","99.6179364915605"
"X.538","MIDW","SE","10","47.6695138009498","98.5970756492262","152.926366097186","210.511474244078"
"X.539","MIDW","SE","11","86.4434475253884","165.531974215664","234.795301271093","292.824247462127"
"X.540","MIDW","SE","12","74.062124742151","134.110402402224","180.203412634034","213.696362693141"
"X.541","MIDW","SE","13","65.1364956297677","115.073505715052","151.154878784392","175.719233612875"
"X.542","MIDW","SE","14","62.1938732203531","109.042095386685","142.25350456032","164.404658222504"
"X.543","MIDW","SE","15","63.8595033703052","112.443537172106","147.257776955419","170.748770914436"
"X.544","MIDW","SE","16","71.3681090537541","128.225599571423","171.048732728261","201.536254415141"
"X.545","MIDW","SE","17","85.7130037486382","162.881127442846","229.273453400296","283.835092564109"
"X.546","MIDW","SE","18","70.8293518300168","144.734278128061","220.141746421918","295.155987513268"
"X.547","MIDW","SE","19","31.0584571344156","61.4899619192964","91.7470709001367","122.262838259128"
"X.548","MIDW","SE","20","22.1013883854542","44.0993298297925","65.9566201749356","87.6377219196209"
"X.549","MIDW","SE","21","1.00521809286085","2.01256016727663","3.02202267625561","4.03360203384434"
"X.550","MIDW","SE","22","0.0688687536674057","0.137748657007468","0.206639709012385","0.275541908673323"
"X.551","MIDW","SE","23","0.0688687536674057","0.137748657007468","0.206639709012385","0.275541908673323"
"X.552","TEN","SE","0","0",NA,NA,NA
"X.553","TEN","SE","1","0",NA,NA,NA
"X.554","TEN","SE","2","0",NA,NA,NA
"X.555","TEN","SE","3","0",NA,NA,NA
"X.556","TEN","SE","4","0",NA,NA,NA
"X.557","TEN","SE","5","0",NA,NA,NA
"X.558","TEN","SE","6","0",NA,NA,NA
"X.559","TEN","SE","7","0.530993974733515","1.06218327242792","1.593567633402","2.12514679765174"
"X.560","TEN","SE","8","31.1607439276693","61.7342727236329","91.68015774661","120.96207389596"
"X.561","TEN","SE","9","27.4817779276595","53.8193017177152","79.3730444904845","104.396377133281"
"X.562","TEN","SE","10","30.4757352397798","60.302388944521","89.2115933001056","116.84226759368"
"X.563","TEN","SE","11","31.6449707494615","61.8971200502665","90.2604586042538","116.260261477044"
"X.564","TEN","SE","12","31.4890036612614","61.783011567087","90.4206812387629","116.933674663308"
"X.565","TEN","SE","13","31.6063070167706","61.8782911289312","90.3289954909894","116.484472106653"
"X.566","TEN","SE","14","31.4621615728575","61.7559511366293","90.4256452357549","117.004643364294"
"X.567","TEN","SE","15","31.5393667726569","61.8292283583472","90.3974912517527","116.772952662579"
"X.568","TEN","SE","16","28.5720876868679","56.6330030279969","84.2610577619926","111.392749242223"
"X.569","TEN","SE","17","28.5391255865458","55.164905668992","80.2839924327143","104.25593638192"
"X.570","TEN","SE","18","33.1002818501964","65.3626146358483","96.7453092846581","127.213366237134"
"X.571","TEN","SE","19","6.51541716795694","13.0481677230209","19.5977643722043","26.1637162381101"
"X.572","TEN","SE","20","0",NA,NA,NA
"X.573","TEN","SE","21","0",NA,NA,NA
"X.574","TEN","SE","22","0",NA,NA,NA
"X.575","TEN","SE","23","0",NA,NA,NA
"X.576","SW","SW","0","1.69038369115001","3.38434463484987","5.08187163371473","6.782953391687"
"X.577","SW","SW","1","0.789823387277206","1.5804915848332","2.37200349020455","3.16435799565974"
"X.578","SW","SW","2","0.716587320275749","1.43387455825056","2.15186089337152","2.87054550148213"
"X.579","SW","SW","3","0.64363495082931","1.28783822129429","1.9326092188644","2.57794734864203"
"X.580","SW","SW","4","0.570967334031428","1.14238479589315","1.71425197340714","2.28656845291609"
"X.581","SW","SW","5","0.570967334031428","1.14238479589315","1.71425197340714","2.28656845291609"
"X.582","SW","SW","6","1.61383004091535","3.23094230688347","4.85132707934626","6.47497455698584"
"X.583","SW","SW","7","9.6913234486734","19.4406782370498","29.245757566233","39.1042151095361"
"X.584","SW","SW","8","31.4656258570972","60.3846988515267","87.0239419500395","111.694900447776"
"X.585","SW","SW","9","102.68345218259","228.930875569918","380.759851529358","558.629354230737"
"X.586","SW","SW","10","274.057815968587","571.992476336387","880.279040775974","1183.60961713486"
"X.587","SW","SW","11","312.177168099546","635.437229462007","952.143051182762","1245.47566537805"
"X.588","SW","SW","12","309.552328272601","631.398152377454","948.151507449026","1242.99851037025"
"X.589","SW","SW","13","304.07967671247","622.777235396858","939.253966118124","1236.76930757652"
"X.590","SW","SW","14","301.715459240931","618.978013451916","935.193576688957","1233.67641719531"
"X.591","SW","SW","15","274.057815968587","571.992476336387","880.279040775974","1183.60961713486"
"X.592","SW","SW","16","233.835018468158","497.955026500514","783.438116601678","1078.3639468909"
"X.593","SW","SW","17","77.4629329673427","173.14933096675","289.814672328079","429.344795074154"
"X.594","SW","SW","18","32.7232833213513","62.9556585450956","90.8695508770874","116.678026434532"
"X.595","SW","SW","19","20.3911874966731","40.8053274973595","61.2219052860235","81.6204977236517"
"X.596","SW","SW","20","12.4791176502039","25.0294001816783","37.6459425337984","50.3237689185763"
"X.597","SW","SW","21","9.6913234486734","19.4406782370498","29.245757566233","39.1042151095361"
"X.598","SW","SW","22","6.99682460684644","14.0325280808559","21.1062476496329","28.2171053073547"
"X.599","SW","SW","23","3.35814134568555","6.72852658094944","10.1110640496145","13.5056608416772"
"X.600","CAL","SW","0","0",NA,NA,NA
"X.601","CAL","SW","1","0",NA,NA,NA
"X.602","CAL","SW","2","0",NA,NA,NA
"X.603","CAL","SW","3","0",NA,NA,NA
"X.604","CAL","SW","4","0",NA,NA,NA
"X.605","CAL","SW","5","0",NA,NA,NA
"X.606","CAL","SW","6","0",NA,NA,NA
"X.607","CAL","SW","7","5.24482666005308","10.5298049096871","15.8546920449047","21.2192363205085"
"X.608","CAL","SW","8","52.5464395728031","102.971645805151","151.442786238259","198.181667561458"
"X.609","CAL","SW","9","117.154301025205","240.748769113582","368.043858538088","495.434683592212"
"X.610","CAL","SW","10","146.584920277428","286.569399709596","414.09036738634","524.616420529292"
"X.611","CAL","SW","11","147.071141670725","280.988895083809","396.505491198851","490.694947651926"
"X.612","CAL","SW","12","146.898600178591","280.209115817262","394.763035111189","487.771200834707"
"X.613","CAL","SW","13","147.033965921383","280.815075899227","396.113259469441","490.033517071467"
"X.614","CAL","SW","14","147.052721374118","280.902313170054","396.309824658914","490.364743056411"
"X.615","CAL","SW","15","146.975499009625","286.505685935847","412.746394356588","521.32301964674"
"X.616","CAL","SW","16","136.928176205184","275.156038339477","409.638902334366","535.305118591187"
"X.617","CAL","SW","17","92.9431793062021","192.898993412257","299.510838045589","411.577778632155"
"X.618","CAL","SW","18","51.1515569701003","100.53989527929","148.167970992707","194.080096574231"
"X.619","CAL","SW","19","3.73132950105731","7.48540139852988","11.2621372789379","15.0614559371828"
"X.620","CAL","SW","20","0.421235462206173","0.842853523384448","1.26485412999143","1.68723722776756"
"X.621","CAL","SW","21","0.0547347072939423","0.109476103458798","0.16422418840211","0.218978962030705"
"X.622","CAL","SW","22","0",NA,NA,NA
"X.623","CAL","SW","23","0",NA,NA,NA
"X.624","CENT","SW","0","0",NA,NA,NA
"X.625","CENT","SW","1","0",NA,NA,NA
"X.626","CENT","SW","2","0",NA,NA,NA
"X.627","CENT","SW","3","0",NA,NA,NA
"X.628","CENT","SW","4","0",NA,NA,NA
"X.629","CENT","SW","5","0",NA,NA,NA
"X.630","CENT","SW","6","0",NA,NA,NA
"X.631","CENT","SW","7","0",NA,NA,NA
"X.632","CENT","SW","8","0",NA,NA,NA
"X.633","CENT","SW","9","3.19857050373141","6.3523890329165","9.45458182291807","12.499048977841"
"X.634","CENT","SW","10","32.9681838615994","75.0397986352921","127.228748312229","190.016228021798"
"X.635","CENT","SW","11","68.977999667456","151.434673640119","245.941553839741","349.72915753071"
"X.636","CENT","SW","12","77.9912323843994","169.527376087364","272.269557282815","382.499126650045"
"X.637","CENT","SW","13","73.4545580916115","160.475873071086","259.193869886827","366.366999564931"
"X.638","CENT","SW","14","80.2743090308314","174.038627091547","278.710943472416","390.33454834962"
"X.639","CENT","SW","15","89.4261240239612","191.807082016605","303.546529743456","419.762788940782"
"X.640","CENT","SW","16","91.7010978683414","196.140317189828","309.46131842167","426.5633906286"
"X.641","CENT","SW","17","68.977999667456","151.434673640119","245.941553839741","349.72915753071"
"X.642","CENT","SW","18","14.344232637496","32.8503812777114","56.5377494125529","86.407748738157"
"X.643","CENT","SW","19","3.73138101971621","7.32587037258986","10.7864354759184","14.1207663303601"
"X.644","CENT","SW","20","0.710735247231815","1.42737313875327","2.14980908815186","2.87793548458626"
"X.645","CENT","SW","21","0",NA,NA,NA
"X.646","CENT","SW","22","0",NA,NA,NA
"X.647","CENT","SW","23","0",NA,NA,NA
"X.648","TEN","TEN","0","0",NA,NA,NA
"X.649","TEN","TEN","1","0",NA,NA,NA
"X.650","TEN","TEN","2","0",NA,NA,NA
"X.651","TEN","TEN","3","0",NA,NA,NA
"X.652","TEN","TEN","4","0",NA,NA,NA
"X.653","TEN","TEN","5","0",NA,NA,NA
"X.654","TEN","TEN","6","0",NA,NA,NA
"X.655","TEN","TEN","7","0.0653996203288516","0.130855331247182","0.196367151162688","0.261935098449343"
"X.656","TEN","TEN","8","7.50525444430312","15.1504325459088","22.9262712253699","30.8229001457086"
"X.657","TEN","TEN","9","14.5759492951082","27.5312674782089","38.8924668675302","48.7223338452452"
"X.658","TEN","TEN","10","8.40671357750818","15.0152510425527","20.1015717019384","23.9353403598469"
"X.659","TEN","TEN","11","5.95407945479821","10.3615580979128","13.5460762192399","15.7931037331888"
"X.660","TEN","TEN","12","6.43526056757595","11.2612641318096","14.7960152474712","17.3257826921013"
"X.661","TEN","TEN","13","6.08959711886346","10.6142695687076","13.8962855330175","16.2215526998547"
"X.662","TEN","TEN","14","6.50553558112637","11.393219852294","14.9800616452735","17.5522737236779"
"X.663","TEN","TEN","15","6.29583915726528","10.9998891675401","14.4320030458219","16.8784324724144"
"X.664","TEN","TEN","16","11.4698747648783","21.0631381670907","28.9478640459294","35.3164354156815"
"X.665","TEN","TEN","17","16.19279724694","31.2248116290625","45.0366900839734","57.5970342505943"
"X.666","TEN","TEN","18","8.69862802673675","17.5421273092173","26.5157679596897","35.6040206540905"
"X.667","TEN","TEN","19","0.895134549112065","1.79810364617657","2.70892169264969","3.62760229204787"
"X.668","TEN","TEN","20","0",NA,NA,NA
"X.669","TEN","TEN","21","0",NA,NA,NA
"X.670","TEN","TEN","22","0",NA,NA,NA
"X.671","TEN","TEN","23","0",NA,NA,NA
"X.672","MIDA","TEN","0","0.00964423635082878","0.0192968167352809","0.0289577392293067","0.0386270018929104"
"X.673","MIDA","TEN","1","0.00964423635082878","0.0192968167352809","0.0289577392293067","0.0386270018929104"
"X.674","MIDA","TEN","2","0.00964423635082878","0.0192968167352809","0.0289577392293067","0.0386270018929104"
"X.675","MIDA","TEN","3","0.00964423635082878","0.0192968167352809","0.0289577392293067","0.0386270018929104"
"X.676","MIDA","TEN","4","0.00964423635082878","0.0192968167352809","0.0289577392293067","0.0386270018929104"
"X.677","MIDA","TEN","5","0.00964423635082878","0.0192968167352809","0.0289577392293067","0.0386270018929104"
"X.678","MIDA","TEN","6","0.0129349533190987","0.025884715935026","0.0388492830162638","0.0518286496808373"
"X.679","MIDA","TEN","7","0.181614133715281","0.364867574048375","0.549737200405911","0.736199192127905"
"X.680","MIDA","TEN","8","3.00565830111123","6.453157846355","10.4355916012808","15.0491831933795"
"X.681","MIDA","TEN","9","26.2018332285104","53.3134802967346","80.2752087082144","106.028620758381"
"X.682","MIDA","TEN","10","29.0165769028256","54.5198222200104","75.6976066473765","92.303653174173"
"X.683","MIDA","TEN","11","26.4954557451891","48.1425848782004","64.7390287342141","76.6732898158547"
"X.684","MIDA","TEN","12","26.6882476435355","48.5911977645987","65.466369652038","77.6656918227122"
"X.685","MIDA","TEN","13","26.5510423828976","48.2715409418283","64.9476413761615","76.9574294935287"
"X.686","MIDA","TEN","14","28.4162914726384","52.8502626349469","72.6588596338017","87.7915187250989"
"X.687","MIDA","TEN","15","28.2405208265598","56.416700734824","83.3227336977","107.899089513472"
"X.688","MIDA","TEN","16","12.766629891282","27.5680409313278","44.3565923787413","62.961553371567"
"X.689","MIDA","TEN","17","2.1787026214958","4.58757500352236","7.28605722073279","10.3389761907255"
"X.690","MIDA","TEN","18","0.576554260191039","1.15725463478127","1.74152658893325","2.3288122264287"
"X.691","MIDA","TEN","19","0.0311216441881937","0.062323076301052","0.0936042165847254","0.124964983789926"
"X.692","MIDA","TEN","20","0.014040270377297","0.0280979111471103","0.042172916051707","0.0562652787639175"
"X.693","MIDA","TEN","21","0.00964423635082878","0.0192968167352809","0.0289577392293067","0.0386270018929104"
"X.694","MIDA","TEN","22","0.00964423635082878","0.0192968167352809","0.0289577392293067","0.0386270018929104"
"X.695","MIDA","TEN","23","0.00964423635082878","0.0192968167352809","0.0289577392293067","0.0386270018929104"
"X.696","SE","TEN","0","0",NA,NA,NA
"X.697","SE","TEN","1","0",NA,NA,NA
"X.698","SE","TEN","2","0",NA,NA,NA
"X.699","SE","TEN","3","0",NA,NA,NA
"X.700","SE","TEN","4","0",NA,NA,NA
"X.701","SE","TEN","5","0",NA,NA,NA
"X.702","SE","TEN","6","0",NA,NA,NA
"X.703","SE","TEN","7","0.875927437787261","1.75691896957539","2.64295958851067","3.53403380783481"
"X.704","SE","TEN","8","14.6004208770159","28.6157304702656","42.0017231855332","54.7204486499929"
"X.705","SE","TEN","9","3.09322942466225","5.21536305335164","6.63263376417742","7.55532153391153"
"X.706","SE","TEN","10","0.479486719567638","0.739801429692177","0.877643822630134","0.94916533407593"
"X.707","SE","TEN","11","0.225145111251586","0.338586480190253","0.394541567938563","0.421658077055893"
"X.708","SE","TEN","12","0.208400551269589","0.31266209868923","0.363742117273876","0.388331254358761"
"X.709","SE","TEN","13","0.229521860383851","0.345374838289965","0.402616581244595","0.430402950618964"
"X.710","SE","TEN","14","0.289909876593787","0.439512436683115","0.514997826102981","0.552396844307908"
"X.711","SE","TEN","15","0.753440160082888","1.18333774265081","1.42211886516021","1.5517817772194"
"X.712","SE","TEN","16","3.31645200434564","5.61546053179956","7.16737076256497","8.188766803112"
"X.713","SE","TEN","17","12.8951137555866","24.3998628922382","34.5455984405","43.3870649898916"
"X.714","SE","TEN","18","9.89389166118444","19.7981272898269","29.6951404872009","39.5678278488725"
"X.715","SE","TEN","19","1.05360685256079","2.11416073348132","3.18163412093071","4.25599858554134"
"X.716","SE","TEN","20","0.0105629231193184","0.0211268341558338","0.0316917330978756","0.0422576199337846"
"X.717","SE","TEN","21","0",NA,NA,NA
"X.718","SE","TEN","22","0",NA,NA,NA
"X.719","SE","TEN","23","0",NA,NA,NA
"X.720","TEX","TEX","0","0",NA,NA,NA
"X.721","TEX","TEX","1","0",NA,NA,NA
"X.722","TEX","TEX","2","0",NA,NA,NA
"X.723","TEX","TEX","3","0",NA,NA,NA
"X.724","TEX","TEX","4","0",NA,NA,NA
"X.725","TEX","TEX","5","0",NA,NA,NA
"X.726","TEX","TEX","6","0",NA,NA,NA
"X.727","TEX","TEX","7","0",NA,NA,NA
"X.728","TEX","TEX","8","3.93392640948125","7.90144136181036","11.9025419103001","15.9372214609053"
"X.729","TEX","TEX","9","101.374425933758","203.572255896935","306.172846549432","408.695278884481"
"X.730","TEX","TEX","10","82.9520994434437","153.679713741303","214.526590460929","267.339039552704"
"X.731","TEX","TEX","11","61.7699253530242","114.569473739534","159.463803984578","196.901667420833"
"X.732","TEX","TEX","12","55.3046618397625","101.926103525378","140.360602729847","170.889568384502"
"X.733","TEX","TEX","13","50.9547403567019","93.0561084792542","126.632208539502","152.122821645245"
"X.734","TEX","TEX","14","51.3995634236674","93.9731895576509","128.055271211451","154.059709414821"
"X.735","TEX","TEX","15","50.9361878317852","93.0178219179462","126.572799968203","152.042025094541"
"X.736","TEX","TEX","16","54.394531063797","100.091119996854","137.532061091098","167.013450149059"
"X.737","TEX","TEX","17","70.9263422217472","131.590322138939","183.886393635526","228.932826369795"
"X.738","TEX","TEX","18","112.130882462592","210.580512501824","296.315534566547","370.754913906128"
"X.739","TEX","TEX","19","85.2591738873634","171.76982411218","259.363760107438","347.839704215077"
"X.740","TEX","TEX","20","7.48466320276347","15.0648485712267","22.7402856851147","30.5106770956911"
"X.741","TEX","TEX","21","0.012659201814543","0.0253189003252783","0.0379790955366711","0.0506397874530448"
"X.742","TEX","TEX","22","0",NA,NA,NA
"X.743","TEX","TEX","23","0",NA,NA,NA
"X.744","CENT","TEX","0","0",NA,NA,NA
"X.745","CENT","TEX","1","0",NA,NA,NA
"X.746","CENT","TEX","2","0",NA,NA,NA
"X.747","CENT","TEX","3","0",NA,NA,NA
"X.748","CENT","TEX","4","0",NA,NA,NA
"X.749","CENT","TEX","5","0",NA,NA,NA
"X.750","CENT","TEX","6","0",NA,NA,NA
"X.751","CENT","TEX","7","0",NA,NA,NA
"X.752","CENT","TEX","8","0",NA,NA,NA
"X.753","CENT","TEX","9","19.3713523725994","38.3226841771101","56.8119790602509","74.8018662376831"
"X.754","CENT","TEX","10","9.44042845027113","18.4121067063506","27.0989166830826","35.6024136341237"
"X.755","CENT","TEX","11","9.70262907239392","19.2027867488529","28.4573186403261","37.3467152937591"
"X.756","CENT","TEX","12","9.84002772865692","19.4546561605964","28.7485552298462","37.5622191096436"
"X.757","CENT","TEX","13","9.77099099572892","19.3317882982301","28.6128868103116","37.4739397180785"
"X.758","CENT","TEX","14","9.8742074263712","19.5126129592593","28.8072708505064","37.5898292075116"
"X.759","CENT","TEX","15","10.0032356246724","19.7107070144424","28.9669481133992","37.5740438266934"
"X.760","CENT","TEX","16","10.0324330432811","19.7496400750872","28.9852202737112","37.5355105397137"
"X.761","CENT","TEX","17","9.70262907239392","19.2027867488529","28.4573186403261","37.3467152937591"
"X.762","CENT","TEX","18","10.5357368417379","20.0348490513822","28.7798727557938","37.0002350239712"
"X.763","CENT","TEX","19","21.0547408610955","40.962391025854","59.7101756257656","77.2996689614485"
"X.764","CENT","TEX","20","4.74246735097561","9.51777801945457","14.3251000317497","19.1635836162409"
"X.765","CENT","TEX","21","0",NA,NA,NA
"X.766","CENT","TEX","22","0",NA,NA,NA
"X.767","CENT","TEX","23","0",NA,NA,NA
